<?xml version="1.0" encoding="UTF-8"?>
<beans:beans
	xmlns="http://www.springframework.org/schema/mvc"
	xmlns:xsi="http://www.w3.org/2001/XMLSchema-instance"
	xmlns:beans="http://www.springframework.org/schema/beans"
	xmlns:context="http://www.springframework.org/schema/context"
	xmlns:tx="http://www.springframework.org/schema/tx"
	xsi:schemaLocation="http://www.springframework.org/schema/mvc
http://www.springframework.org/schema/mvc/spring-mvc.xsd
http://www.springframework.org/schema/beans
http://www.springframework.org/schema/beans/spring-beans.xsd
http://www.springframework.org/schema/context
http://www.springframework.org/schema/context/spring-context.xsd
http://www.springframework.org/schema/tx
http://www.springframework.org/schema/tx/spring-tx-4.0.xsd">

	<!-- Specifying base package of the Components like Controller, Service,DAO -->
	<context:component-scan base-package="org.hcl" />

	<annotation-driven />

	<!-- Getting Database properties -->
	<context:property-placeholder
		location="/WEB-INF/database.properties" />


	<!--Specifying the Resource location to load JS, CSS, etc -->
	<resources mapping="/resources/**" location="/resources/" />

	<!-- View Resolver -->
	<beans:bean
		class="org.springframework.web.servlet.view.InternalResourceViewResolver">
		<beans:property name="prefix" value="/WEB-INF/views/" />
		<beans:property name="suffix" value=".jsp" />
	</beans:bean>
	<!-- DataSource -->
	<beans:bean
		class="org.springframework.jdbc.datasource.DriverManagerDataSource"
		id="dataSource">
		<beans:property name="driverClassName"
			value="com.mysql.cj.jdbc.Driver"></beans:property>
		<beans:property name="url"
			value="jdbc:mysql://localhost:3306/blood_bank"></beans:property>
		<beans:property name="username" value="root"></beans:property>
		<beans:property name="password" value="root"></beans:property>
	</beans:bean>

	<!-- Hibernate SessionFactory -->
	<beans:bean id="sessionFactory"
		class="org.springframework.orm.hibernate5.LocalSessionFactoryBean">
		<beans:property name="dataSource" ref="dataSource" />
		<!-- <property name="configLocation" value="resources:hibernate.cfg.xml" 
			/> -->
		<beans:property name="hibernateProperties">
			<beans:props>
				<beans:prop key="hibernate.dialect">org.hibernate.dialect.MySQL8Dialect
				</beans:prop>
				<beans:prop key="hibernate.hbm2ddl.auto">update</beans:prop>
				<beans:prop key="hibernate.format_sql">true</beans:prop>
				<beans:prop key="hibernate.show_sql">true</beans:prop>
			</beans:props>
		</beans:property>
		<beans:property name="packagesToScan"
			value="org.hcl.models"></beans:property>
	</beans:bean>

	<beans:bean id="transactionManager"
		class="org.springframework.orm.hibernate5.HibernateTransactionManager">
		<beans:property name="sessionFactory"
			ref="sessionFactory" />
	</beans:bean>

	<tx:annotation-driven
		transaction-manager="transactionManager" />

</beans:beans>